<?xml version="1.0" encoding="UTF-8"?>
<metadata xml:lang="en"><Esri><CreaDate>20170105</CreaDate><CreaTime>14535600</CreaTime><ArcGISFormat>1.0</ArcGISFormat><SyncOnce>TRUE</SyncOnce><DataProperties><lineage><Process ToolSource="c:\program files\arcgis\desktop10.1\ArcToolbox\Toolboxes\Data Management Tools.tbx\CalculateField" Date="20160824" Time="122322">CalculateField Municipality2016_Aug10_edit_CD VCODE "32" VB #</Process><Process ToolSource="c:\program files\arcgis\desktop10.1\ArcToolbox\Toolboxes\Data Management Tools.tbx\CalculateField" Date="20160824" Time="123738">CalculateField Municipality2016_Aug10_edit_CD VCODE "28" VB #</Process><Process ToolSource="c:\program files\arcgis\desktop10.1\ArcToolbox\Toolboxes\Data Management Tools.tbx\CalculateField" Date="20160824" Time="124348">CalculateField Municipality2016_Aug10_edit_CD VCODE "34" VB #</Process><Process ToolSource="c:\program files\arcgis\desktop10.1\ArcToolbox\Toolboxes\Data Management Tools.tbx\CalculateField" Date="20160824" Time="124550">CalculateField Municipality2016_Aug10_edit_CD VCODE "01" VB #</Process><Process ToolSource="c:\program files\arcgis\desktop10.1\ArcToolbox\Toolboxes\Data Management Tools.tbx\CalculateField" Date="20160824" Time="124728">CalculateField Municipality2016_Aug10_edit_CD VCODE "7" VB #</Process><Process ToolSource="c:\program files\arcgis\desktop10.1\ArcToolbox\Toolboxes\Data Management Tools.tbx\CalculateField" Date="20160824" Time="124831">CalculateField Municipality2016_Aug10_edit_CD VCODE "18" VB #</Process><Process ToolSource="c:\program files\arcgis\desktop10.1\ArcToolbox\Toolboxes\Data Management Tools.tbx\CalculateField" Date="20160824" Time="125023">CalculateField Municipality2016_Aug10_edit_CD VCODE "43" VB #</Process><Process ToolSource="c:\program files\arcgis\desktop10.1\ArcToolbox\Toolboxes\Data Management Tools.tbx\CalculateField" Date="20160824" Time="125120">CalculateField Municipality2016_Aug10_edit_CD VCODE "47" VB #</Process><Process ToolSource="c:\program files\arcgis\desktop10.1\ArcToolbox\Toolboxes\Data Management Tools.tbx\CalculateField" Date="20160824" Time="125207">CalculateField Municipality2016_Aug10_edit_CD VCODE "48" VB #</Process><Process ToolSource="c:\program files\arcgis\desktop10.1\ArcToolbox\Toolboxes\Data Management Tools.tbx\CalculateField" Date="20160830" Time="114116">CalculateField Municipality2016_Aug10_edit_CD DDVVM [DDVDC] VB #</Process><Process ToolSource="c:\program files\arcgis\desktop10.1\ArcToolbox\Toolboxes\Data Management Tools.tbx\CalculateField" Date="20160830" Time="120912">CalculateField Municipality2016_Aug10_edit_CD DDVVM "5011" VB #</Process><Process ToolSource="c:\program files\arcgis\desktop10.1\ArcToolbox\Toolboxes\Data Management Tools.tbx\CalculateField" Date="20160830" Time="120948">CalculateField Municipality2016_Aug10_edit_CD DDVVM "5046" VB #</Process><Process ToolSource="c:\program files\arcgis\desktop10.1\ArcToolbox\Toolboxes\Data Management Tools.tbx\CalculateField" Date="20160830" Time="121050">CalculateField Municipality2016_Aug10_edit_CD DDVVM "5023" VB #</Process><Process ToolSource="c:\program files\arcgis\desktop10.1\ArcToolbox\Toolboxes\Data Management Tools.tbx\CalculateField" Date="20160830" Time="121115">CalculateField Municipality2016_Aug10_edit_CD DDVVM "5021" VB #</Process><Process ToolSource="c:\program files\arcgis\desktop10.1\ArcToolbox\Toolboxes\Data Management Tools.tbx\CalculateField" Date="20160830" Time="121144">CalculateField Municipality2016_Aug10_edit_CD DDVVM "5003" VB #</Process><Process ToolSource="c:\program files\arcgis\desktop10.1\ArcToolbox\Toolboxes\Data Management Tools.tbx\CalculateField" Date="20160830" Time="121208">CalculateField Municipality2016_Aug10_edit_CD DDVVM "5013" VB #</Process><Process ToolSource="c:\program files\arcgis\desktop10.1\ArcToolbox\Toolboxes\Data Management Tools.tbx\CalculateField" Date="20160830" Time="121439">CalculateField Municipality2016_Aug10_edit_CD DDVVM "6016" VB #</Process><Process ToolSource="c:\program files\arcgis\desktop10.1\ArcToolbox\Toolboxes\Data Management Tools.tbx\CalculateField" Date="20160830" Time="121535">CalculateField Municipality2016_Aug10_edit_CD DDVVM "6026" VB #</Process><Process ToolSource="c:\program files\arcgis\desktop10.1\ArcToolbox\Toolboxes\Data Management Tools.tbx\CalculateField" Date="20160830" Time="121621">CalculateField Municipality2016_Aug10_edit_CD Mun_Name "Itahari Sub Metropoliton City" VB #</Process><Process ToolSource="c:\program files\arcgis\desktop10.1\ArcToolbox\Toolboxes\Data Management Tools.tbx\CalculateField" Date="20160830" Time="121710">CalculateField Municipality2016_Aug10_edit_CD DDVVM "6008" VB #</Process><Process ToolSource="c:\program files\arcgis\desktop10.1\ArcToolbox\Toolboxes\Data Management Tools.tbx\CalculateField" Date="20160830" Time="121737">CalculateField Municipality2016_Aug10_edit_CD DDVVM "6009" VB #</Process><Process ToolSource="c:\program files\arcgis\desktop10.1\ArcToolbox\Toolboxes\Data Management Tools.tbx\CalculateField" Date="20160830" Time="121847">CalculateField Municipality2016_Aug10_edit_CD Mun_Name "Inaruwa Municipality" VB #</Process><Process ToolSource="c:\program files\arcgis\desktop10.1\ArcToolbox\Toolboxes\Data Management Tools.tbx\CalculateField" Date="20160830" Time="121922">CalculateField Municipality2016_Aug10_edit_CD DDVVM "6009" VB #</Process><Process ToolSource="c:\program files\arcgis\desktop10.1\ArcToolbox\Toolboxes\Data Management Tools.tbx\CalculateField" Date="20160830" Time="121958">CalculateField Municipality2016_Aug10_edit_CD DDVVM "7016" VB #</Process><Process ToolSource="c:\program files\arcgis\desktop10.1\ArcToolbox\Toolboxes\Data Management Tools.tbx\CalculateField" Date="20160830" Time="122037">CalculateField Municipality2016_Aug10_edit_CD DDVVM "7017" VB #</Process><Process ToolSource="c:\program files\arcgis\desktop10.1\ArcToolbox\Toolboxes\Data Management Tools.tbx\CalculateField" Date="20160830" Time="122121">CalculateField Municipality2016_Aug10_edit_CD DDVVM "8001" VB #</Process><Process ToolSource="c:\program files\arcgis\desktop10.1\ArcToolbox\Toolboxes\Data Management Tools.tbx\CalculateField" Date="20160830" Time="122154">CalculateField Municipality2016_Aug10_edit_CD DDVVM "8003" VB #</Process><Process ToolSource="c:\program files\arcgis\desktop10.1\ArcToolbox\Toolboxes\Data Management Tools.tbx\CalculateField" Date="20160830" Time="122300">CalculateField Municipality2016_Aug10_edit_CD DDVVM "9004" VB #</Process><Process ToolSource="c:\program files\arcgis\desktop10.1\ArcToolbox\Toolboxes\Data Management Tools.tbx\CalculateField" Date="20160830" Time="122410">CalculateField Municipality2016_Aug10_edit_CD DDVVM "9014" VB #</Process><Process ToolSource="c:\program files\arcgis\desktop10.1\ArcToolbox\Toolboxes\Data Management Tools.tbx\CalculateField" Date="20160830" Time="122511">CalculateField Municipality2016_Aug10_edit_CD DDVVM "10007" VB #</Process><Process ToolSource="c:\program files\arcgis\desktop10.1\ArcToolbox\Toolboxes\Data Management Tools.tbx\CalculateField" Date="20160830" Time="122547">CalculateField Municipality2016_Aug10_edit_CD DDVVM "10029" VB #</Process><Process ToolSource="c:\program files\arcgis\desktop10.1\ArcToolbox\Toolboxes\Data Management Tools.tbx\CalculateField" Date="20160830" Time="122626">CalculateField Municipality2016_Aug10_edit_CD DDVVM "11002" VB #</Process><Process ToolSource="c:\program files\arcgis\desktop10.1\ArcToolbox\Toolboxes\Data Management Tools.tbx\CalculateField" Date="20160830" Time="122657">CalculateField Municipality2016_Aug10_edit_CD DDVVM "13002" VB #</Process><Process ToolSource="c:\program files\arcgis\desktop10.1\ArcToolbox\Toolboxes\Data Management Tools.tbx\CalculateField" Date="20160830" Time="122740">CalculateField Municipality2016_Aug10_edit_CD DDVVM "12009" VB #</Process><Process ToolSource="c:\program files\arcgis\desktop10.1\ArcToolbox\Toolboxes\Data Management Tools.tbx\CalculateField" Date="20160830" Time="122904">CalculateField Municipality2016_Aug10_edit_CD DDVVM "14006" VB #</Process><Process ToolSource="c:\program files\arcgis\desktop10.1\ArcToolbox\Toolboxes\Data Management Tools.tbx\CalculateField" Date="20160830" Time="123022">CalculateField Municipality2016_Aug10_edit_CD DDVVM "14018" VB #</Process><Process ToolSource="c:\program files\arcgis\desktop10.1\ArcToolbox\Toolboxes\Data Management Tools.tbx\CalculateField" Date="20160830" Time="123109">CalculateField Municipality2016_Aug10_edit_CD DDVVM "15017" VB #</Process><Process ToolSource="c:\program files\arcgis\desktop10.1\ArcToolbox\Toolboxes\Data Management Tools.tbx\CalculateField" Date="20160830" Time="123146">CalculateField Municipality2016_Aug10_edit_CD DDVVM "15053" VB #</Process><Process ToolSource="c:\program files\arcgis\desktop10.1\ArcToolbox\Toolboxes\Data Management Tools.tbx\CalculateField" Date="20160830" Time="123222">CalculateField Municipality2016_Aug10_edit_CD DDVVM "15003" VB #</Process><Process ToolSource="c:\program files\arcgis\desktop10.1\ArcToolbox\Toolboxes\Data Management Tools.tbx\CalculateField" Date="20160830" Time="123324">CalculateField Municipality2016_Aug10_edit_CD DDVVM "15036" VB #</Process><Process ToolSource="c:\program files\arcgis\desktop10.1\ArcToolbox\Toolboxes\Data Management Tools.tbx\CalculateField" Date="20160830" Time="123404">CalculateField Municipality2016_Aug10_edit_CD DDVVM "16003" VB #</Process><Process ToolSource="c:\program files\arcgis\desktop10.1\ArcToolbox\Toolboxes\Data Management Tools.tbx\CalculateField" Date="20160830" Time="123455">CalculateField Municipality2016_Aug10_edit_CD DDVVM "16073" VB #</Process><Process ToolSource="c:\program files\arcgis\desktop10.1\ArcToolbox\Toolboxes\Data Management Tools.tbx\CalculateField" Date="20160830" Time="123532">CalculateField Municipality2016_Aug10_edit_CD DDVVM "16060" VB #</Process><Process ToolSource="c:\program files\arcgis\desktop10.1\ArcToolbox\Toolboxes\Data Management Tools.tbx\CalculateField" Date="20160830" Time="123628">CalculateField Municipality2016_Aug10_edit_CD DDVVM "16095" VB #</Process><Process ToolSource="c:\program files\arcgis\desktop10.1\ArcToolbox\Toolboxes\Data Management Tools.tbx\CalculateField" Date="20160830" Time="131032">CalculateField Municipality2016_Aug10_edit_CD DDVVM "16005" VB #</Process><Process ToolSource="c:\program files\arcgis\desktop10.1\ArcToolbox\Toolboxes\Data Management Tools.tbx\CalculateField" Date="20160830" Time="131102">CalculateField Municipality2016_Aug10_edit_CD DDVVM "17012" VB #</Process><Process ToolSource="c:\program files\arcgis\desktop10.1\ArcToolbox\Toolboxes\Data Management Tools.tbx\CalculateField" Date="20160830" Time="131158">CalculateField Municipality2016_Aug10_edit_CD DDVVM "17066" VB #</Process><Process ToolSource="c:\program files\arcgis\desktop10.1\ArcToolbox\Toolboxes\Data Management Tools.tbx\CalculateField" Date="20160830" Time="131228">CalculateField Municipality2016_Aug10_edit_CD DDVVM "17017" VB #</Process><Process ToolSource="c:\program files\arcgis\desktop10.1\ArcToolbox\Toolboxes\Data Management Tools.tbx\CalculateField" Date="20160830" Time="131300">CalculateField Municipality2016_Aug10_edit_CD DDVVM "17031" VB #</Process><Process ToolSource="c:\program files\arcgis\desktop10.1\ArcToolbox\Toolboxes\Data Management Tools.tbx\CalculateField" Date="20160830" Time="131336">CalculateField Municipality2016_Aug10_edit_CD DDVVM "17033" VB #</Process><Process ToolSource="c:\program files\arcgis\desktop10.1\ArcToolbox\Toolboxes\Data Management Tools.tbx\CalculateField" Date="20160830" Time="131419">CalculateField Municipality2016_Aug10_edit_CD DDVVM "17047" VB #</Process><Process ToolSource="c:\program files\arcgis\desktop10.1\ArcToolbox\Toolboxes\Data Management Tools.tbx\CalculateField" Date="20160830" Time="131453">CalculateField Municipality2016_Aug10_edit_CD Mun_Name "Janakpur Sub-Metropolitan City" VB #</Process><Process ToolSource="c:\program files\arcgis\desktop10.1\ArcToolbox\Toolboxes\Data Management Tools.tbx\CalculateField" Date="20160830" Time="131524">CalculateField Municipality2016_Aug10_edit_CD DDVVM "18011" VB #</Process><Process ToolSource="c:\program files\arcgis\desktop10.1\ArcToolbox\Toolboxes\Data Management Tools.tbx\CalculateField" Date="20160830" Time="131548">CalculateField Municipality2016_Aug10_edit_CD DDVVM "18027" VB #</Process><Process ToolSource="c:\program files\arcgis\desktop10.1\ArcToolbox\Toolboxes\Data Management Tools.tbx\CalculateField" Date="20160830" Time="131614">CalculateField Municipality2016_Aug10_edit_CD DDVVM "18034" VB #</Process><Process ToolSource="c:\program files\arcgis\desktop10.1\ArcToolbox\Toolboxes\Data Management Tools.tbx\CalculateField" Date="20160830" Time="131637">CalculateField Municipality2016_Aug10_edit_CD DDVVM "19061" VB #</Process><Process ToolSource="c:\program files\arcgis\desktop10.1\ArcToolbox\Toolboxes\Data Management Tools.tbx\CalculateField" Date="20160830" Time="131712">CalculateField Municipality2016_Aug10_edit_CD DDVVM 19003 VB #</Process><Process ToolSource="c:\program files\arcgis\desktop10.1\ArcToolbox\Toolboxes\Data Management Tools.tbx\CalculateField" Date="20160830" Time="131732">CalculateField Municipality2016_Aug10_edit_CD DDVVM 19042 VB #</Process><Process ToolSource="c:\program files\arcgis\desktop10.1\ArcToolbox\Toolboxes\Data Management Tools.tbx\CalculateField" Date="20160830" Time="131753">CalculateField Municipality2016_Aug10_edit_CD DDVVM 19013 VB #</Process><Process ToolSource="c:\program files\arcgis\desktop10.1\ArcToolbox\Toolboxes\Data Management Tools.tbx\CalculateField" Date="20160830" Time="131835">CalculateField Municipality2016_Aug10_edit_CD DDVVM 19010 VB #</Process><Process ToolSource="c:\program files\arcgis\desktop10.1\ArcToolbox\Toolboxes\Data Management Tools.tbx\CalculateField" Date="20160830" Time="131935">CalculateField Municipality2016_Aug10_edit_CD DDVVM 20014 VB #</Process><Process ToolSource="c:\program files\arcgis\desktop10.1\ArcToolbox\Toolboxes\Data Management Tools.tbx\CalculateField" Date="20160830" Time="143117">CalculateField Municipality2016_Aug10_edit_CD DDVVM 21004 VB #</Process><Process ToolSource="c:\program files\arcgis\desktop10.1\ArcToolbox\Toolboxes\Data Management Tools.tbx\CalculateField" Date="20160830" Time="143208">CalculateField Municipality2016_Aug10_edit_CD DDVVM 21037 VB #</Process><Process ToolSource="c:\program files\arcgis\desktop10.1\ArcToolbox\Toolboxes\Data Management Tools.tbx\CalculateField" Date="20160830" Time="143230">CalculateField Municipality2016_Aug10_edit_CD DDVVM 22022 VB #</Process><Process ToolSource="c:\program files\arcgis\desktop10.1\ArcToolbox\Toolboxes\Data Management Tools.tbx\CalculateField" Date="20160830" Time="143309">CalculateField Municipality2016_Aug10_edit_CD DDVVM 23014 VB #</Process><Process ToolSource="c:\program files\arcgis\desktop10.1\ArcToolbox\Toolboxes\Data Management Tools.tbx\CalculateField" Date="20160830" Time="143500">CalculateField Municipality2016_Aug10_edit_CD DDVVM 23003 VB #</Process><Process ToolSource="c:\program files\arcgis\desktop10.1\ArcToolbox\Toolboxes\Data Management Tools.tbx\CalculateField" Date="20160830" Time="143521">CalculateField Municipality2016_Aug10_edit_CD DDVVM 24017 VB #</Process><Process ToolSource="c:\program files\arcgis\desktop10.1\ArcToolbox\Toolboxes\Data Management Tools.tbx\CalculateField" Date="20160830" Time="143546">CalculateField Municipality2016_Aug10_edit_CD DDVVM 24001 VB #</Process><Process ToolSource="c:\program files\arcgis\desktop10.1\ArcToolbox\Toolboxes\Data Management Tools.tbx\CalculateField" Date="20160830" Time="143637">CalculateField Municipality2016_Aug10_edit_CD DDVVM 24024 VB #</Process><Process ToolSource="c:\program files\arcgis\desktop10.1\ArcToolbox\Toolboxes\Data Management Tools.tbx\CalculateField" Date="20160830" Time="143730">CalculateField Municipality2016_Aug10_edit_CD DDVVM 25027 VB #</Process><Process ToolSource="c:\program files\arcgis\desktop10.1\ArcToolbox\Toolboxes\Data Management Tools.tbx\CalculateField" Date="20160830" Time="143812">CalculateField Municipality2016_Aug10_edit_CD Mun_Name "Karyabinayak Municipality" VB #</Process><Process ToolSource="c:\program files\arcgis\desktop10.1\ArcToolbox\Toolboxes\Data Management Tools.tbx\CalculateField" Date="20160830" Time="143845">CalculateField Municipality2016_Aug10_edit_CD DDVVM 25007 VB #</Process><Process ToolSource="c:\program files\arcgis\desktop10.1\ArcToolbox\Toolboxes\Data Management Tools.tbx\CalculateField" Date="20160830" Time="143916">CalculateField Municipality2016_Aug10_edit_CD DDVVM 25002 VB #</Process><Process ToolSource="c:\program files\arcgis\desktop10.1\ArcToolbox\Toolboxes\Data Management Tools.tbx\CalculateField" Date="20160830" Time="143943">CalculateField Municipality2016_Aug10_edit_CD Mun_Name "Godawari Municipality" VB #</Process><Process ToolSource="c:\program files\arcgis\desktop10.1\ArcToolbox\Toolboxes\Data Management Tools.tbx\CalculateField" Date="20160830" Time="144510">CalculateField Municipality2016_Aug10_edit_CD DDVVM 25023 VB #</Process><Process ToolSource="c:\program files\arcgis\desktop10.1\ArcToolbox\Toolboxes\Data Management Tools.tbx\CalculateField" Date="20160830" Time="145150">CalculateField Municipality2016_Aug10_edit_CD Mun_Name "MADHYAPUR THIMI MUNICIPALITY" VB #</Process><Process ToolSource="c:\program files\arcgis\desktop10.1\ArcToolbox\Toolboxes\Data Management Tools.tbx\CalculateField" Date="20160830" Time="145242">CalculateField Municipality2016_Aug10_edit_CD Mun_Name "Anantalingeshor Municipality" VB #</Process><Process ToolSource="c:\program files\arcgis\desktop10.1\ArcToolbox\Toolboxes\Data Management Tools.tbx\CalculateField" Date="20160830" Time="155211">CalculateField Municipality2016_Aug10_edit_CD DDVVM 73013 VB #</Process><Process ToolSource="c:\program files\arcgis\desktop10.1\ArcToolbox\Toolboxes\Data Management Tools.tbx\CalculateField" Date="20160901" Time="110531">CalculateField Municipality2016_Aug10_edit_CD DDVVM 26006 VB #</Process><Process ToolSource="c:\program files\arcgis\desktop10.1\ArcToolbox\Toolboxes\Data Management Tools.tbx\CalculateField" Date="20160901" Time="110608">CalculateField Municipality2016_Aug10_edit_CD Mun_Name "Changunarayan Municipality" VB #</Process><Process ToolSource="c:\program files\arcgis\desktop10.1\ArcToolbox\Toolboxes\Data Management Tools.tbx\CalculateField" Date="20160901" Time="110627">CalculateField Municipality2016_Aug10_edit_CD DDVVM 26004 VB #</Process><Process ToolSource="c:\program files\arcgis\desktop10.1\ArcToolbox\Toolboxes\Data Management Tools.tbx\CalculateField" Date="20160901" Time="110739">CalculateField Municipality2016_Aug10_edit_CD DDVVM 26001 VB #</Process><Process ToolSource="c:\program files\arcgis\desktop10.1\ArcToolbox\Toolboxes\Data Management Tools.tbx\CalculateField" Date="20160901" Time="110813">CalculateField Municipality2016_Aug10_edit_CD Mun_Name "Nagarkot Municipality" VB #</Process><Process ToolSource="c:\program files\arcgis\desktop10.1\ArcToolbox\Toolboxes\Data Management Tools.tbx\CalculateField" Date="20160901" Time="110945">CalculateField Municipality2016_Aug10_edit_CD DDVVM 27014 VB #</Process><Process ToolSource="c:\program files\arcgis\desktop10.1\ArcToolbox\Toolboxes\Data Management Tools.tbx\CalculateField" Date="20160901" Time="111055">CalculateField Municipality2016_Aug10_edit_CD DDVVM 27001 VB #</Process><Process ToolSource="c:\program files\arcgis\desktop10.1\ArcToolbox\Toolboxes\Data Management Tools.tbx\CalculateField" Date="20160901" Time="111134">CalculateField Municipality2016_Aug10_edit_CD Mun_Name "Kageshwari-Manahara Municipality" VB #</Process><Process ToolSource="c:\program files\arcgis\desktop10.1\ArcToolbox\Toolboxes\Data Management Tools.tbx\CalculateField" Date="20160901" Time="111214">CalculateField Municipality2016_Aug10_edit_CD DDVVM 27006 VB #</Process><Process ToolSource="c:\program files\arcgis\desktop10.1\ArcToolbox\Toolboxes\Data Management Tools.tbx\CalculateField" Date="20160901" Time="111251">CalculateField Municipality2016_Aug10_edit_CD DDVVM 27007 VB #</Process><Process ToolSource="c:\program files\arcgis\desktop10.1\ArcToolbox\Toolboxes\Data Management Tools.tbx\CalculateField" Date="20160901" Time="111318">CalculateField Municipality2016_Aug10_edit_CD Mun_Name "Budhanilkantha Municipality" VB #</Process><Process ToolSource="c:\program files\arcgis\desktop10.1\ArcToolbox\Toolboxes\Data Management Tools.tbx\CalculateField" Date="20160901" Time="113053">CalculateField Municipality2016_Aug10_edit_CD DDVVM 27002 VB #</Process><Process ToolSource="c:\program files\arcgis\desktop10.1\ArcToolbox\Toolboxes\Data Management Tools.tbx\CalculateField" Date="20160901" Time="113311">CalculateField Municipality2016_Aug10_edit_CD DDVVM 27022 VB #</Process><Process ToolSource="c:\program files\arcgis\desktop10.1\ArcToolbox\Toolboxes\Data Management Tools.tbx\CalculateField" Date="20160901" Time="113447">CalculateField Municipality2016_Aug10_edit_CD Mun_Name "Shankarapur Municipality" VB #</Process><Process ToolSource="c:\program files\arcgis\desktop10.1\ArcToolbox\Toolboxes\Data Management Tools.tbx\CalculateField" Date="20160901" Time="115638">CalculateField Municipality2016_Aug10_edit_CD DDVVM 27015 VB #</Process><Process ToolSource="c:\program files\arcgis\desktop10.1\ArcToolbox\Toolboxes\Data Management Tools.tbx\CalculateField" Date="20160901" Time="115723">CalculateField Municipality2016_Aug10_edit_CD DDVVM 27008 VB #</Process><Process ToolSource="c:\program files\arcgis\desktop10.1\ArcToolbox\Toolboxes\Data Management Tools.tbx\CalculateField" Date="20160901" Time="115751">CalculateField Municipality2016_Aug10_edit_CD DDVVM 27004 VB #</Process><Process ToolSource="c:\program files\arcgis\desktop10.1\ArcToolbox\Toolboxes\Data Management Tools.tbx\CalculateField" Date="20160901" Time="115814">CalculateField Municipality2016_Aug10_edit_CD Mun_Name "Gokarneshwor Municipality" VB #</Process><Process ToolSource="c:\program files\arcgis\desktop10.1\ArcToolbox\Toolboxes\Data Management Tools.tbx\CalculateField" Date="20160901" Time="115912">CalculateField Municipality2016_Aug10_edit_CD DDVVM 30032 VB #</Process><Process ToolSource="c:\program files\arcgis\desktop10.1\ArcToolbox\Toolboxes\Data Management Tools.tbx\CalculateField" Date="20160901" Time="115932">CalculateField Municipality2016_Aug10_edit_CD Mun_Name "Nilkantha Municipality" VB #</Process><Process ToolSource="c:\program files\arcgis\desktop10.1\ArcToolbox\Toolboxes\Data Management Tools.tbx\CalculateField" Date="20160901" Time="115956">CalculateField Municipality2016_Aug10_edit_CD DDVVM 31019 VB #</Process><Process ToolSource="c:\program files\arcgis\desktop10.1\ArcToolbox\Toolboxes\Data Management Tools.tbx\CalculateField" Date="20160901" Time="120017">CalculateField Municipality2016_Aug10_edit_CD Mun_Name "Hetauda Sub-Metropolitan City" VB #</Process><Process ToolSource="c:\program files\arcgis\desktop10.1\ArcToolbox\Toolboxes\Data Management Tools.tbx\CalculateField" Date="20160901" Time="120039">CalculateField Municipality2016_Aug10_edit_CD DDVVM 31003 VB #</Process><Process ToolSource="c:\program files\arcgis\desktop10.1\ArcToolbox\Toolboxes\Data Management Tools.tbx\CalculateField" Date="20160901" Time="120116">CalculateField Municipality2016_Aug10_edit_CD DDVVM 32011 VB #</Process><Process ToolSource="c:\program files\arcgis\desktop10.1\ArcToolbox\Toolboxes\Data Management Tools.tbx\CalculateField" Date="20160901" Time="120137">CalculateField Municipality2016_Aug10_edit_CD DDVVM 32019 VB #</Process><Process ToolSource="c:\program files\arcgis\desktop10.1\ArcToolbox\Toolboxes\Data Management Tools.tbx\CalculateField" Date="20160901" Time="120202">CalculateField Municipality2016_Aug10_edit_CD DDVVM 33051 VB #</Process><Process ToolSource="c:\program files\arcgis\desktop10.1\ArcToolbox\Toolboxes\Data Management Tools.tbx\CalculateField" Date="20160901" Time="120225">CalculateField Municipality2016_Aug10_edit_CD DDVVM 33004 VB #</Process><Process ToolSource="c:\program files\arcgis\desktop10.1\ArcToolbox\Toolboxes\Data Management Tools.tbx\CalculateField" Date="20160901" Time="120249">CalculateField Municipality2016_Aug10_edit_CD DDVVM 33050 VB #</Process><Process ToolSource="c:\program files\arcgis\desktop10.1\ArcToolbox\Toolboxes\Data Management Tools.tbx\CalculateField" Date="20160901" Time="120311">CalculateField Municipality2016_Aug10_edit_CD DDVVM 33028 VB #</Process><Process ToolSource="c:\program files\arcgis\desktop10.1\ArcToolbox\Toolboxes\Data Management Tools.tbx\CalculateField" Date="20160901" Time="120331">CalculateField Municipality2016_Aug10_edit_CD DDVVM 33021 VB #</Process><Process ToolSource="c:\program files\arcgis\desktop10.1\ArcToolbox\Toolboxes\Data Management Tools.tbx\CalculateField" Date="20160901" Time="120354">CalculateField Municipality2016_Aug10_edit_CD DDVVM 33005 VB #</Process><Process ToolSource="c:\program files\arcgis\desktop10.1\ArcToolbox\Toolboxes\Data Management Tools.tbx\CalculateField" Date="20160901" Time="120428">CalculateField Municipality2016_Aug10_edit_CD DDVVM 34022 VB #</Process><Process ToolSource="c:\program files\arcgis\desktop10.1\ArcToolbox\Toolboxes\Data Management Tools.tbx\CalculateField" Date="20160901" Time="120530">CalculateField Municipality2016_Aug10_edit_CD DDVVM 34011 VB #</Process><Process ToolSource="c:\program files\arcgis\desktop10.1\ArcToolbox\Toolboxes\Data Management Tools.tbx\CalculateField" Date="20160901" Time="120645">CalculateField Municipality2016_Aug10_edit_CD DDVVM 35001 VB #</Process><Process ToolSource="c:\program files\arcgis\desktop10.1\ArcToolbox\Toolboxes\Data Management Tools.tbx\CalculateField" Date="20160901" Time="120719">CalculateField Municipality2016_Aug10_edit_CD DDVVM 35016 VB #</Process><Process ToolSource="c:\program files\arcgis\desktop10.1\ArcToolbox\Toolboxes\Data Management Tools.tbx\CalculateField" Date="20160901" Time="120745">CalculateField Municipality2016_Aug10_edit_CD DDVVM 35033 VB #</Process><Process ToolSource="c:\program files\arcgis\desktop10.1\ArcToolbox\Toolboxes\Data Management Tools.tbx\CalculateField" Date="20160901" Time="120817">CalculateField Municipality2016_Aug10_edit_CD DDVVM 35008 VB #</Process><Process ToolSource="c:\program files\arcgis\desktop10.1\ArcToolbox\Toolboxes\Data Management Tools.tbx\CalculateField" Date="20160901" Time="120903">CalculateField Municipality2016_Aug10_edit_CD DDVVM 35012 VB #</Process><Process ToolSource="c:\program files\arcgis\desktop10.1\ArcToolbox\Toolboxes\Data Management Tools.tbx\CalculateField" Date="20160901" Time="120931">CalculateField Municipality2016_Aug10_edit_CD DDVVM 35006 VB #</Process><Process ToolSource="c:\program files\arcgis\desktop10.1\ArcToolbox\Toolboxes\Data Management Tools.tbx\CalculateField" Date="20160901" Time="120950">CalculateField Municipality2016_Aug10_edit_CD Mun_Name "Bharatpur Sub-Metropolitan City" VB #</Process><Process ToolSource="c:\program files\arcgis\desktop10.1\ArcToolbox\Toolboxes\Data Management Tools.tbx\CalculateField" Date="20160901" Time="121019">CalculateField Municipality2016_Aug10_edit_CD DDVVM 35017 VB #</Process><Process ToolSource="c:\program files\arcgis\desktop10.1\ArcToolbox\Toolboxes\Data Management Tools.tbx\CalculateField" Date="20160901" Time="121042">CalculateField Municipality2016_Aug10_edit_CD DDVVM 35005 VB #</Process><Process ToolSource="c:\program files\arcgis\desktop10.1\ArcToolbox\Toolboxes\Data Management Tools.tbx\CalculateField" Date="20160901" Time="121121">CalculateField Municipality2016_Aug10_edit_CD DDVVM 36051 VB #</Process><Process ToolSource="c:\program files\arcgis\desktop10.1\ArcToolbox\Toolboxes\Data Management Tools.tbx\CalculateField" Date="20160901" Time="121143">CalculateField Municipality2016_Aug10_edit_CD DDVVM 36002 VB #</Process><Process ToolSource="c:\program files\arcgis\desktop10.1\ArcToolbox\Toolboxes\Data Management Tools.tbx\CalculateField" Date="20160901" Time="121205">CalculateField Municipality2016_Aug10_edit_CD DDVVM 37007 VB #</Process><Process ToolSource="c:\program files\arcgis\desktop10.1\ArcToolbox\Toolboxes\Data Management Tools.tbx\CalculateField" Date="20160901" Time="122905">CalculateField Municipality2016_Aug10_edit_CD DDVVM 37012 VB #</Process><Process ToolSource="c:\program files\arcgis\desktop10.1\ArcToolbox\Toolboxes\Data Management Tools.tbx\CalculateField" Date="20160901" Time="122938">CalculateField Municipality2016_Aug10_edit_CD Mun_Name "Sundarbazar Municipality" VB #</Process><Process ToolSource="c:\program files\arcgis\desktop10.1\ArcToolbox\Toolboxes\Data Management Tools.tbx\CalculateField" Date="20160901" Time="123008">CalculateField Municipality2016_Aug10_edit_CD DDVVM 37008 VB #</Process><Process ToolSource="c:\program files\arcgis\desktop10.1\ArcToolbox\Toolboxes\Data Management Tools.tbx\CalculateField" Date="20160901" Time="123033">CalculateField Municipality2016_Aug10_edit_CD DDVVM 37005 VB #</Process><Process ToolSource="c:\program files\arcgis\desktop10.1\ArcToolbox\Toolboxes\Data Management Tools.tbx\CalculateField" Date="20160901" Time="123056">CalculateField Municipality2016_Aug10_edit_CD DDVVM 37034 VB #</Process><Process ToolSource="c:\program files\arcgis\desktop10.1\ArcToolbox\Toolboxes\Data Management Tools.tbx\CalculateField" Date="20160901" Time="123151">CalculateField Municipality2016_Aug10_edit_CD DDVVM 40011 VB #</Process><Process ToolSource="c:\program files\arcgis\desktop10.1\ArcToolbox\Toolboxes\Data Management Tools.tbx\CalculateField" Date="20160901" Time="123236">CalculateField Municipality2016_Aug10_edit_CD DDVVM 40019 VB #</Process><Process ToolSource="c:\program files\arcgis\desktop10.1\ArcToolbox\Toolboxes\Data Management Tools.tbx\CalculateField" Date="20160901" Time="123259">CalculateField Municipality2016_Aug10_edit_CD DDVVM 40004 VB #</Process><Process ToolSource="c:\program files\arcgis\desktop10.1\ArcToolbox\Toolboxes\Data Management Tools.tbx\CalculateField" Date="20160901" Time="123422">CalculateField Municipality2016_Aug10_edit_CD AAN "ANBUKHAIRENI" VB #</Process><Process ToolSource="c:\program files\arcgis\desktop10.1\ArcToolbox\Toolboxes\Data Management Tools.tbx\CalculateField" Date="20160901" Time="123820">CalculateField Municipality2016_Aug10_edit_CD DDVVM 40005 VB #</Process><Process ToolSource="c:\program files\arcgis\desktop10.1\ArcToolbox\Toolboxes\Data Management Tools.tbx\CalculateField" Date="20160901" Time="123905">CalculateField Municipality2016_Aug10_edit_CD DDVVM 41013 VB #</Process><Process ToolSource="c:\program files\arcgis\desktop10.1\ArcToolbox\Toolboxes\Data Management Tools.tbx\CalculateField" Date="20160901" Time="123939">CalculateField Municipality2016_Aug10_edit_CD Mun_Name "Putalibazar Municipality" VB #</Process><Process ToolSource="c:\program files\arcgis\desktop10.1\ArcToolbox\Toolboxes\Data Management Tools.tbx\CalculateField" Date="20160901" Time="124030">CalculateField Municipality2016_Aug10_edit_CD DDVVM 41006 VB #</Process><Process ToolSource="c:\program files\arcgis\desktop10.1\ArcToolbox\Toolboxes\Data Management Tools.tbx\CalculateField" Date="20160901" Time="124141">CalculateField Municipality2016_Aug10_edit_CD DDVVM 39033 VB #</Process><Process ToolSource="c:\program files\arcgis\desktop10.1\ArcToolbox\Toolboxes\Data Management Tools.tbx\CalculateField" Date="20160901" Time="124158">CalculateField Municipality2016_Aug10_edit_CD Mun_Name "Pokhara Sub-Metropolitan City" VB #</Process><Process ToolSource="c:\program files\arcgis\desktop10.1\ArcToolbox\Toolboxes\Data Management Tools.tbx\CalculateField" Date="20160901" Time="124223">CalculateField Municipality2016_Aug10_edit_CD DDVVM 39023 VB #</Process><Process ToolSource="c:\program files\arcgis\desktop10.1\ArcToolbox\Toolboxes\Data Management Tools.tbx\CalculateField" Date="20160901" Time="124328">CalculateField Municipality2016_Aug10_edit_CD DDVVM 44002 VB #</Process><Process ToolSource="c:\program files\arcgis\desktop10.1\ArcToolbox\Toolboxes\Data Management Tools.tbx\CalculateField" Date="20160901" Time="124433">CalculateField Municipality2016_Aug10_edit_CD DDVVM 42014 VB #</Process><Process ToolSource="c:\program files\arcgis\desktop10.1\ArcToolbox\Toolboxes\Data Management Tools.tbx\CalculateField" Date="20160901" Time="124522">CalculateField Municipality2016_Aug10_edit_CD DDVVM 51008 VB #</Process><Process ToolSource="c:\program files\arcgis\desktop10.1\ArcToolbox\Toolboxes\Data Management Tools.tbx\CalculateField" Date="20160901" Time="124622">CalculateField Municipality2016_Aug10_edit_CD DDVVM 46017 VB #</Process><Process ToolSource="c:\program files\arcgis\desktop10.1\ArcToolbox\Toolboxes\Data Management Tools.tbx\CalculateField" Date="20160901" Time="124702">CalculateField Municipality2016_Aug10_edit_CD DDVVM 47068 VB #</Process><Process ToolSource="c:\program files\arcgis\desktop10.1\ArcToolbox\Toolboxes\Data Management Tools.tbx\CalculateField" Date="20160901" Time="125147">CalculateField Municipality2016_Aug10_edit_CD DDVVM 47001 VB #</Process><Process ToolSource="c:\program files\arcgis\desktop10.1\ArcToolbox\Toolboxes\Data Management Tools.tbx\CalculateField" Date="20160901" Time="125232">CalculateField Municipality2016_Aug10_edit_CD DDVVM 47003 VB #</Process><Process ToolSource="c:\program files\arcgis\desktop10.1\ArcToolbox\Toolboxes\Data Management Tools.tbx\CalculateField" Date="20160901" Time="125309">CalculateField Municipality2016_Aug10_edit_CD DDVVM 47015 VB #</Process><Process ToolSource="c:\program files\arcgis\desktop10.1\ArcToolbox\Toolboxes\Data Management Tools.tbx\CalculateField" Date="20160901" Time="125337">CalculateField Municipality2016_Aug10_edit_CD DDVVM 47038 VB #</Process><Process ToolSource="c:\program files\arcgis\desktop10.1\ArcToolbox\Toolboxes\Data Management Tools.tbx\CalculateField" Date="20160901" Time="125422">CalculateField Municipality2016_Aug10_edit_CD DDVVM 47032 VB #</Process><Process ToolSource="c:\program files\arcgis\desktop10.1\ArcToolbox\Toolboxes\Data Management Tools.tbx\CalculateField" Date="20160901" Time="125505">CalculateField Municipality2016_Aug10_edit_CD DDVVM 48014 VB #</Process><Process ToolSource="c:\program files\arcgis\desktop10.1\ArcToolbox\Toolboxes\Data Management Tools.tbx\CalculateField" Date="20160901" Time="125526">CalculateField Municipality2016_Aug10_edit_CD Mun_Name "Butwal Sub-Metropolitan City" VB #</Process><Process ToolSource="c:\program files\arcgis\desktop10.1\ArcToolbox\Toolboxes\Data Management Tools.tbx\CalculateField" Date="20160901" Time="125557">CalculateField Municipality2016_Aug10_edit_CD DDVVM 48050 VB #</Process><Process ToolSource="c:\program files\arcgis\desktop10.1\ArcToolbox\Toolboxes\Data Management Tools.tbx\CalculateField" Date="20160901" Time="125709">CalculateField Municipality2016_Aug10_edit_CD DDVVM 48002 VB #</Process><Process ToolSource="c:\program files\arcgis\desktop10.1\ArcToolbox\Toolboxes\Data Management Tools.tbx\CalculateField" Date="20160901" Time="125740">CalculateField Municipality2016_Aug10_edit_CD DDVVM 48019 VB #</Process><Process ToolSource="c:\program files\arcgis\desktop10.1\ArcToolbox\Toolboxes\Data Management Tools.tbx\CalculateField" Date="20160901" Time="125849">CalculateField Municipality2016_Aug10_edit_CD DDVVM 48003 VB #</Process><Process ToolSource="c:\program files\arcgis\desktop10.1\ArcToolbox\Toolboxes\Data Management Tools.tbx\CalculateField" Date="20160901" Time="125932">CalculateField Municipality2016_Aug10_edit_CD DDVVM 49041 VB #</Process><Process ToolSource="c:\program files\arcgis\desktop10.1\ArcToolbox\Toolboxes\Data Management Tools.tbx\CalculateField" Date="20160901" Time="130038">CalculateField Municipality2016_Aug10_edit_CD DDVVM 49006 VB #</Process><Process ToolSource="c:\program files\arcgis\desktop10.1\ArcToolbox\Toolboxes\Data Management Tools.tbx\CalculateField" Date="20160901" Time="130108">CalculateField Municipality2016_Aug10_edit_CD DDVVM 49025 VB #</Process><Process ToolSource="c:\program files\arcgis\desktop10.1\ArcToolbox\Toolboxes\Data Management Tools.tbx\CalculateField" Date="20160901" Time="130216">CalculateField Municipality2016_Aug10_edit_CD DDVVM 49044 VB #</Process><Process ToolSource="c:\program files\arcgis\desktop10.1\ArcToolbox\Toolboxes\Data Management Tools.tbx\CalculateField" Date="20160901" Time="130250">CalculateField Municipality2016_Aug10_edit_CD DDVVM 49018 VB #</Process><Process ToolSource="c:\program files\arcgis\desktop10.1\ArcToolbox\Toolboxes\Data Management Tools.tbx\CalculateField" Date="20160901" Time="130319">CalculateField Municipality2016_Aug10_edit_CD DDVVM 49009 VB #</Process><Process ToolSource="c:\program files\arcgis\desktop10.1\ArcToolbox\Toolboxes\Data Management Tools.tbx\CalculateField" Date="20160901" Time="130407">CalculateField Municipality2016_Aug10_edit_CD DDVVM 50002 VB #</Process><Process ToolSource="c:\program files\arcgis\desktop10.1\ArcToolbox\Toolboxes\Data Management Tools.tbx\CalculateField" Date="20160901" Time="130505">CalculateField Municipality2016_Aug10_edit_CD DDVVM 55009 VB #</Process><Process ToolSource="c:\program files\arcgis\desktop10.1\ArcToolbox\Toolboxes\Data Management Tools.tbx\CalculateField" Date="20160901" Time="130540">CalculateField Municipality2016_Aug10_edit_CD DDVVM 54026 VB #</Process><Process ToolSource="c:\program files\arcgis\desktop10.1\ArcToolbox\Toolboxes\Data Management Tools.tbx\CalculateField" Date="20160901" Time="130649">CalculateField Municipality2016_Aug10_edit_CD DDVVM 52027 VB #</Process><Process ToolSource="c:\program files\arcgis\desktop10.1\ArcToolbox\Toolboxes\Data Management Tools.tbx\CalculateField" Date="20160901" Time="130716">CalculateField Municipality2016_Aug10_edit_CD DDVVM 52006 VB #</Process><Process ToolSource="c:\program files\arcgis\desktop10.1\ArcToolbox\Toolboxes\Data Management Tools.tbx\CalculateField" Date="20160901" Time="130752">CalculateField Municipality2016_Aug10_edit_CD DDVVM 53009 VB #</Process><Process ToolSource="c:\program files\arcgis\desktop10.1\ArcToolbox\Toolboxes\Data Management Tools.tbx\CalculateField" Date="20160901" Time="130844">CalculateField Municipality2016_Aug10_edit_CD DDVVM 53026 VB #</Process><Process ToolSource="c:\program files\arcgis\desktop10.1\ArcToolbox\Toolboxes\Data Management Tools.tbx\CalculateField" Date="20160901" Time="130924">CalculateField Municipality2016_Aug10_edit_CD DDVVM 56040 VB #</Process><Process ToolSource="c:\program files\arcgis\desktop10.1\ArcToolbox\Toolboxes\Data Management Tools.tbx\CalculateField" Date="20160901" Time="131011">CalculateField Municipality2016_Aug10_edit_CD DDVVM 56007 VB #</Process><Process ToolSource="c:\program files\arcgis\desktop10.1\ArcToolbox\Toolboxes\Data Management Tools.tbx\CalculateField" Date="20160901" Time="131036">CalculateField Municipality2016_Aug10_edit_CD DDVVM 56004 VB #</Process><Process ToolSource="c:\program files\arcgis\desktop10.1\ArcToolbox\Toolboxes\Data Management Tools.tbx\CalculateField" Date="20160901" Time="131103">CalculateField Municipality2016_Aug10_edit_CD DDVVM 57032 VB #</Process><Process ToolSource="c:\program files\arcgis\desktop10.1\ArcToolbox\Toolboxes\Data Management Tools.tbx\CalculateField" Date="20160901" Time="132041">CalculateField Municipality2016_Aug10_edit_CD DDVVM 57025 VB #</Process><Process ToolSource="c:\program files\arcgis\desktop10.1\ArcToolbox\Toolboxes\Data Management Tools.tbx\CalculateField" Date="20160901" Time="132130">CalculateField Municipality2016_Aug10_edit_CD DDVVM 58027 VB #</Process><Process ToolSource="c:\program files\arcgis\desktop10.1\ArcToolbox\Toolboxes\Data Management Tools.tbx\CalculateField" Date="20160901" Time="132216">CalculateField Municipality2016_Aug10_edit_CD DDVVM 58004 VB #</Process><Process ToolSource="c:\program files\arcgis\desktop10.1\ArcToolbox\Toolboxes\Data Management Tools.tbx\CalculateField" Date="20160901" Time="132305">CalculateField Municipality2016_Aug10_edit_CD DDVVM 58001 VB #</Process><Process ToolSource="c:\program files\arcgis\desktop10.1\ArcToolbox\Toolboxes\Data Management Tools.tbx\CalculateField" Date="20160901" Time="132417">CalculateField Municipality2016_Aug10_edit_CD DDVVM 58002 VB #</Process><Process ToolSource="c:\program files\arcgis\desktop10.1\ArcToolbox\Toolboxes\Data Management Tools.tbx\CalculateField" Date="20160901" Time="132540">CalculateField Municipality2016_Aug10_edit_CD DDVVM 59008 VB #</Process><Process ToolSource="c:\program files\arcgis\desktop10.1\ArcToolbox\Toolboxes\Data Management Tools.tbx\CalculateField" Date="20160901" Time="132607">CalculateField Municipality2016_Aug10_edit_CD DDVVM 59010 VB #</Process><Process ToolSource="c:\program files\arcgis\desktop10.1\ArcToolbox\Toolboxes\Data Management Tools.tbx\CalculateField" Date="20160901" Time="132727">CalculateField Municipality2016_Aug10_edit_CD DDVVM 59011 VB #</Process><Process ToolSource="c:\program files\arcgis\desktop10.1\ArcToolbox\Toolboxes\Data Management Tools.tbx\CalculateField" Date="20160901" Time="132904">CalculateField Municipality2016_Aug10_edit_CD DDVVM 61004 VB #</Process><Process ToolSource="c:\program files\arcgis\desktop10.1\ArcToolbox\Toolboxes\Data Management Tools.tbx\CalculateField" Date="20160902" Time="103719">CalculateField Municipality2016_Aug10_edit_CD DDVVM 60003 VB #</Process><Process ToolSource="c:\program files\arcgis\desktop10.1\ArcToolbox\Toolboxes\Data Management Tools.tbx\CalculateField" Date="20160902" Time="103922">CalculateField Municipality2016_Aug10_edit_CD DDVVM 63004 VB #</Process><Process ToolSource="c:\program files\arcgis\desktop10.1\ArcToolbox\Toolboxes\Data Management Tools.tbx\CalculateField" Date="20160902" Time="103938">CalculateField Municipality2016_Aug10_edit_CD Mun_Name "Chandannath Municipality" VB #</Process><Process ToolSource="c:\program files\arcgis\desktop10.1\ArcToolbox\Toolboxes\Data Management Tools.tbx\CalculateField" Date="20160902" Time="104028">CalculateField Municipality2016_Aug10_edit_CD DDVVM 68007 VB #</Process><Process ToolSource="c:\program files\arcgis\desktop10.1\ArcToolbox\Toolboxes\Data Management Tools.tbx\CalculateField" Date="20160902" Time="104046">CalculateField Municipality2016_Aug10_edit_CD Mun_Name "Badimalika Municipality" VB #</Process><Process ToolSource="c:\program files\arcgis\desktop10.1\ArcToolbox\Toolboxes\Data Management Tools.tbx\CalculateField" Date="20160902" Time="104131">CalculateField Municipality2016_Aug10_edit_CD DDVVM 67006 VB #</Process><Process ToolSource="c:\program files\arcgis\desktop10.1\ArcToolbox\Toolboxes\Data Management Tools.tbx\CalculateField" Date="20160902" Time="104209">CalculateField Municipality2016_Aug10_edit_CD Mun_Name "Jayaprithvi Municipality" VB #</Process><Process ToolSource="c:\program files\arcgis\desktop10.1\ArcToolbox\Toolboxes\Data Management Tools.tbx\CalculateField" Date="20160902" Time="104259">CalculateField Municipality2016_Aug10_edit_CD DDVVM 69032 VB #</Process><Process ToolSource="c:\program files\arcgis\desktop10.1\ArcToolbox\Toolboxes\Data Management Tools.tbx\CalculateField" Date="20160902" Time="104333">CalculateField Municipality2016_Aug10_edit_CD DDVVM 69001 VB #</Process><Process ToolSource="c:\program files\arcgis\desktop10.1\ArcToolbox\Toolboxes\Data Management Tools.tbx\CalculateField" Date="20160902" Time="104517">CalculateField Municipality2016_Aug10_edit_CD DDVVM 69008 VB #</Process><Process ToolSource="c:\program files\arcgis\desktop10.1\ArcToolbox\Toolboxes\Data Management Tools.tbx\CalculateField" Date="20160902" Time="104708">CalculateField Municipality2016_Aug10_edit_CD DDVVM 72003 VB #</Process><Process ToolSource="c:\program files\arcgis\desktop10.1\ArcToolbox\Toolboxes\Data Management Tools.tbx\CalculateField" Date="20160902" Time="104812">CalculateField Municipality2016_Aug10_edit_CD DDVVM 72007 VB #</Process><Process ToolSource="c:\program files\arcgis\desktop10.1\ArcToolbox\Toolboxes\Data Management Tools.tbx\CalculateField" Date="20160902" Time="104837">CalculateField Municipality2016_Aug10_edit_CD DDVVM 72008 VB #</Process><Process ToolSource="c:\program files\arcgis\desktop10.1\ArcToolbox\Toolboxes\Data Management Tools.tbx\CalculateField" Date="20160902" Time="104906">CalculateField Municipality2016_Aug10_edit_CD DDVVM 72010 VB #</Process><Process ToolSource="c:\program files\arcgis\desktop10.1\ArcToolbox\Toolboxes\Data Management Tools.tbx\CalculateField" Date="20160902" Time="104945">CalculateField Municipality2016_Aug10_edit_CD DDVVM 72002 VB #</Process><Process ToolSource="c:\program files\arcgis\desktop10.1\ArcToolbox\Toolboxes\Data Management Tools.tbx\CalculateField" Date="20160902" Time="105035">CalculateField Municipality2016_Aug10_edit_CD DDVVM 72004 VB #</Process><Process ToolSource="c:\program files\arcgis\desktop10.1\ArcToolbox\Toolboxes\Data Management Tools.tbx\CalculateField" Date="20160902" Time="105155">CalculateField Municipality2016_Aug10_edit_CD DDVVM 71009 VB #</Process><Process ToolSource="c:\program files\arcgis\desktop10.1\ArcToolbox\Toolboxes\Data Management Tools.tbx\CalculateField" Date="20160902" Time="105219">CalculateField Municipality2016_Aug10_edit_CD Mun_Name "Dhangadhi Sub-Metropolitan City" VB #</Process><Process ToolSource="c:\program files\arcgis\desktop10.1\ArcToolbox\Toolboxes\Data Management Tools.tbx\CalculateField" Date="20160902" Time="105241">CalculateField Municipality2016_Aug10_edit_CD DDVVM 71001 VB #</Process><Process ToolSource="c:\program files\arcgis\desktop10.1\ArcToolbox\Toolboxes\Data Management Tools.tbx\CalculateField" Date="20160902" Time="105318">CalculateField Municipality2016_Aug10_edit_CD DDVVM 71004 VB #</Process><Process ToolSource="c:\program files\arcgis\desktop10.1\ArcToolbox\Toolboxes\Data Management Tools.tbx\CalculateField" Date="20160902" Time="105353">CalculateField Municipality2016_Aug10_edit_CD DDVVM 71005 VB #</Process><Process ToolSource="c:\program files\arcgis\desktop10.1\ArcToolbox\Toolboxes\Data Management Tools.tbx\CalculateField" Date="20160902" Time="105425">CalculateField Municipality2016_Aug10_edit_CD DDVVM 71008 VB #</Process><Process ToolSource="c:\program files\arcgis\desktop10.1\ArcToolbox\Toolboxes\Data Management Tools.tbx\CalculateField" Date="20160902" Time="105609">CalculateField Municipality2016_Aug10_edit_CD DDVVM 74002 VB #</Process><Process ToolSource="c:\program files\arcgis\desktop10.1\ArcToolbox\Toolboxes\Data Management Tools.tbx\CalculateField" Date="20160902" Time="105703">CalculateField Municipality2016_Aug10_edit_CD DDVVM 75003 VB #</Process><Process ToolSource="c:\program files\arcgis\desktop10.1\ArcToolbox\Toolboxes\Data Management Tools.tbx\CalculateField" Date="20160902" Time="112859">CalculateField Municipality2016_Aug10_edit_CD AAN "BIRUWA ARCHALE" VB #</Process><Process ToolSource="c:\program files\arcgis\desktop10.1\ArcToolbox\Toolboxes\Data Management Tools.tbx\CalculateField" Date="20160902" Time="112922">CalculateField Municipality2016_Aug10_edit_CD AAN "BIRUWA ARCHALE1" VB #</Process><Process ToolSource="c:\program files\arcgis\desktop10.1\ArcToolbox\Toolboxes\Data Management Tools.tbx\CalculateField" Date="20160902" Time="113051">CalculateField Municipality2016_Aug10_edit_CD AAN "BIRGHA ARCHALE" VB #</Process><Process ToolSource="c:\program files\arcgis\desktop10.1\ArcToolbox\Toolboxes\Data Management Tools.tbx\CalculateField" Date="20160902" Time="113129">CalculateField Municipality2016_Aug10_edit_CD AAN "BIRUWA ARCHALE" VB #</Process><Process ToolSource="c:\program files\arcgis\desktop10.1\ArcToolbox\Toolboxes\Data Management Tools.tbx\CalculateField" Date="20160902" Time="113207">CalculateField Municipality2016_Aug10_edit_CD AAN "SATAUNDARAU" VB #</Process><Process ToolSource="c:\program files\arcgis\desktop10.1\ArcToolbox\Toolboxes\Data Management Tools.tbx\CalculateField" Date="20160902" Time="113235">CalculateField Municipality2016_Aug10_edit_CD AAN "SWAREK" VB #</Process><Process ToolSource="c:\program files\arcgis\desktop10.1\ArcToolbox\Toolboxes\Data Management Tools.tbx\CalculateField" Date="20160902" Time="113305">CalculateField Municipality2016_Aug10_edit_CD AAN "CHINNEBAS" VB #</Process><Process ToolSource="c:\program files\arcgis\desktop10.1\ArcToolbox\Toolboxes\Data Management Tools.tbx\CalculateField" Date="20160902" Time="113335">CalculateField Municipality2016_Aug10_edit_CD AAN "TINDOBATE" VB #</Process><Process ToolSource="c:\program files\arcgis\desktop10.1\ArcToolbox\Toolboxes\Data Management Tools.tbx\CalculateField" Date="20160902" Time="113415">CalculateField Municipality2016_Aug10_edit_CD AAN "SANKHAR" VB #</Process><Process ToolSource="c:\program files\arcgis\desktop10.1\ArcToolbox\Toolboxes\Data Management Tools.tbx\DefineProjection" Date="20160902" Time="115805">DefineProjection NEPAL_WARDS_WGS_45N PROJCS['WGS_1984_World_Mercator',GEOGCS['GCS_WGS_1984',DATUM['D_WGS_1984',SPHEROID['WGS_1984',6378137.0,298.257223563]],PRIMEM['Greenwich',0.0],UNIT['Degree',0.0174532925199433]],PROJECTION['Mercator'],PARAMETER['False_Easting',0.0],PARAMETER['False_Northing',0.0],PARAMETER['Central_Meridian',0.0],PARAMETER['Standard_Parallel_1',0.0],UNIT['Meter',1.0]]</Process><Process ToolSource="c:\program files\arcgis\desktop10.1\ArcToolbox\Toolboxes\Data Management Tools.tbx\DefineProjection" Date="20160902" Time="121212">DefineProjection NEPAL_WARDS_WGS_45N PROJCS['WGS_1972_UTM_Zone_45N',GEOGCS['GCS_WGS_1972',DATUM['D_WGS_1972',SPHEROID['NWL_10D',6378135.0,298.26]],PRIMEM['Greenwich',0.0],UNIT['Degree',0.0174532925199433]],PROJECTION['Transverse_Mercator'],PARAMETER['False_Easting',500000.0],PARAMETER['False_Northing',0.0],PARAMETER['Central_Meridian',87.0],PARAMETER['Scale_Factor',0.9996],PARAMETER['Latitude_Of_Origin',0.0],UNIT['Meter',1.0]]</Process></lineage><itemProps><itemLocation><linkage Sync="TRUE">file://\\DELL-PC\D$\Database_आयोग\Whole_Nepal_Wards\Udayapur_8_Wards</linkage><protocol Sync="TRUE">Local Area Network</protocol></itemLocation></itemProps><copyHistory><copy source="D:\Database_आयोग\14. Udayapur\Udayapur\Udayapur_8_Wards" dest="\\DELL-PC\D$\Database_आयोग\Whole_Nepal_Wards\Udayapur_8_Wards" date="20170105" time="14535600"></copy></copyHistory></DataProperties></Esri><idinfo><citation><citeinfo><onlink Sync="TRUE"></onlink></citeinfo></citation></idinfo><distInfo><distributor><distorTran><onLineSrc><linkage Sync="TRUE">file://</linkage><protocol Sync="TRUE">Local Area Network</protocol></onLineSrc></distorTran></distributor></distInfo><dataqual><lineage><procstep><procdesc Sync="TRUE">Dataset copied.</procdesc><srcused Sync="TRUE"></srcused><procdate Sync="TRUE">20160902</procdate><proctime Sync="TRUE">14381500</proctime></procstep><procstep><procdesc Sync="TRUE">Dataset copied.</procdesc><srcused Sync="TRUE"></srcused><procdate Sync="TRUE">20161003</procdate><proctime Sync="TRUE">16035900</proctime></procstep><procstep><procdesc Sync="TRUE">Dataset copied.</procdesc><srcused Sync="TRUE"></srcused><procdate Sync="TRUE">20161020</procdate><proctime Sync="TRUE">16090600</proctime></procstep></lineage></dataqual></metadata>
